<?xml version="1.0" encoding="UTF-8"?>
<project-private xmlns="http://www.netbeans.org/ns/project-private/1">
    <editor-bookmarks xmlns="http://www.netbeans.org/ns/editor-bookmarks/2" lastBookmarkId="0"/>
    <open-files xmlns="http://www.netbeans.org/ns/projectui-open-files/2">
        <group>
            <file>file:/C:/xampp/htdocs/PHP_RAPID_JACKETS/contenido/controlador/maquetacion/CarritoComprasMaquetador.php</file>
            <file>file:/C:/xampp/htdocs/PHP_RAPID_JACKETS/contenido/controlador/negocio/add_to_carrito.php</file>
            <file>file:/C:/xampp/htdocs/PHP_RAPID_JACKETS/contenido/controlador/maquetacion/ProductoMaquetador.php</file>
            <file>file:/C:/xampp/htdocs/PHP_RAPID_JACKETS/contenido/controlador/controllers/ProductoController.php</file>
            <file>file:/C:/xampp/htdocs/PHP_RAPID_JACKETS/js/ajax_conections_entities.js</file>
            <file>file:/C:/xampp/htdocs/PHP_RAPID_JACKETS/contenido/controlador/negocio/registrar_user.php</file>
            <file>file:/C:/xampp/htdocs/PHP_RAPID_JACKETS/contenido/controlador/controllers/sesiones/SessionManager.php</file>
            <file>file:/C:/xampp/htdocs/PHP_RAPID_JACKETS/contenido/controlador/controllers/CarritoComprasController.php</file>
            <file>file:/C:/xampp/htdocs/PHP_RAPID_JACKETS/contenido/inicio.php</file>
            <file>file:/C:/xampp/htdocs/PHP_RAPID_JACKETS/contenido/controlador/controllers/UsuarioController.php</file>
        </group>
    </open-files>
</project-private>
